AskReddit,
IAmA,
bestof,
DoesAnybodyElse,
CrazyIdeas,
TalesFromRetail,
pettyrevenge,
WTF,
aww,
cringe,
JusticePorn,
rage,
mildlyinfuriating,
nosleep,
notsalgia,
MorbidReality,
gaming,
Games,
roosterteeth,
mindcrack,
totalbiscuit,
doctorwho,
gameofthrones,
Music,
movies,
StarWars,
geek,
FanTheories,
comicbooks,
funny,
AdviceAnimals,
fffffffuuuuuuuuuuuu,
4chan,
ImGoingToHellForThis,
firstworldanarchists,
circlejerk,
MURICA,
facepalm,
Jokes,
wheredidthesodago,
comics,
nottheonion,
britishproblems,
TumblrInAction,
onetruegod,
pics,
videos,
gifs,
reactiongifs,
FoodPorn,
HistoryPorn,
wallpapers,
youtubehaiku,
Unexpected,
photoshopbattles,
EarthPorn,
QuotesPorn,
carporn,
PerfectTiming,
OldSchoolCool,
tumblr,
TechSupportGore,
itookapicture,
todayilearned,
science,
askscience,
space,
AskHistorians,
YouShouldKnow,
explainlikeimfive,
trees,
cats,
LifeProTips,
food,
GetMotivated,
DIY,
Fitness,
lifehacks,
drunk,
art,
loseit,
politics,
atheism,
lgbt,
formula1,
technology,
Android,
Bitcoin,
programming,
apple,
WorldNews,
showerthoughts,
pcmasterrace,
announcements,
blog,
books,
television,
InternetIsBeautiful,
tifu,
gadgets,
history,
dataisbeautiful,
sports,
Futurology,
GetMotivated,
Documentaries,
personalfinance,
listentothis,
philosophy,
UpliftingNews,
Art,
creepy,
WritingPromps,
reddit.com,
interestingasfuck,
malefashionadvice,
Overwatch,
Minecraft,
OutOfTheLoop,
globaloffensive,
me_irl,
GameDeals,
freebies,
buildapc,
hearthstone,
conspiracy,
Cooking,
TrueReddit,
shittaskscience,
humour,
Fallout,
skyrim,
baconreader,
NetflixBestOf,
EatCheapAndHealthy,
RoomPorn,
offbeat,
photography,
Steam,
AnimalsBeingJerks,
PS4,
Xbox,
DotA2,
wow,
CrappyDesign,
thewalkingdead,
thatHappened,
shutupandtakemymoney,
Whatcouldgowrong,
dadjokes,
MapPorn,
LearnUselessTalents,
travel,
everymanshouldknow,
learnprogramming,
Economics,
scifi,
SubreditDrama,
RoastMe,
pcgaming,
xboxone,
AlienBlue,
linux,
psychology,
UnexpectedThugLife,
business,
cars,
offmychest,
investing,
battlestations,
running,
Entrepreneur,
outside,
minimalism,
CrazyIdeas,
RocketLeague,
Bitcoin,
beer,
60fpsporn,
IWantToLearn,
Writing,
The_Donald,
DeepIntoYouTube,
entertainment,
behindthegifs,
GrandTheftAutoV,
creepyPMs,
GifRecipes,
Damnthatsinteresting,
getdisciplined,
gamedev,
LetsNotMeet,
howto,
Marvel,
HighQualityGifs,
tf2,
GamePhysics,
web_design,
math,
civ,